"","City","VictimsCount"
"1","Abbeville, AL",1
"2","Abbeville, LA",1
"3","Aberdeen, MD",1
"4","Abilene, TX",2
"5","Adairsville, GA",1
"6","Addis, LA",1
"7","Adelanto, CA",2
"8","Affton, MO",1
"9","Aiken, SC",2
"10","Ailey, GA",1
"11","Akron, OH",7
"12","Alameda, CA",2
"13","Alamo, TN",1
"14","Albany, CA",1
"15","Albany, GA",2
"16","Albany, NY",1
"17","Albany, OR",1
"18","Albion, MI",1
"19","Albuquerque , NM",9
"20","Alexander City, AL",1
"21","Alexandria, LA",4
"22","Alexandria, VA",3
"23","Allen, TX",2
"24","Allentown, PA",1
"25","Alliance, OH",1
"26","Alorton, IL",1
"27","Alpharetta, GA",1
"28","Altadena, CA",1
"29","Alto, TX",1
"30","Alton, IL",1
"31","Altoona, WI",1
"32","Amherst, VA",1
"33","Amory, MS",1
"34","Anaheim, CA",4
"35","Anchorage, AK",3
"36","Anderson, IN",1
"37","Anderson, SC",2
"38","Andrews, SC",1
"39","Ann Arbor, MI",1
"40","Annapolis, MD",2
"41","Antioch, CA",4
"42","Apple Valley, CA",1
"43","Appleton, WI",2
"44","Arcadia, CA",1
"45","Arcata, CA",1
"46","Archdale, NC",1
"47","Ardmore, OK",1
"48","Ardsley, NY",1
"49","Arlington, TX",9
"50","Arvada, CO",1
"51","Arvonia, VA",1
"52","Asbury Park, NJ",1
"53","Ashburn, GA",1
"54","Asheville, NC",2
"55","Atascocita, TX",2
"56","Athens, AL",1
"57","Athens, CA",1
"58","Athens, GA",3
"59","Atlanta, GA",39
"60","Atlantic City, NJ",5
"61","Atmore, AL",1
"62","Auburn, AL",2
"63","Auburn, WA",1
"64","Augusta, GA",8
"65","Augusta, ME",1
"66","Aurora, CO",13
"67","Aurora, IL",1
"68","Austell, GA",2
"69","Austin, MN",1
"70","Austin, TX",11
"71","Austintown, OH",1
"72","Avon Park, FL",1
"73","Avon, CO",1
"74","Avondale Estates, GA",1
"75","Avondale, AZ",5
"76","Azusa, CA",1
"77","Badin, NC",1
"78","Bahama, NC",1
"79","Bainbridge, GA",1
"80","Baker, LA",1
"81","Bakersfield, CA",5
"82","Balch Springs, TX",1
"83","Baltimore, MD",45
"84","Bangor Charter Township, MI",1
"85","Barstow, CA",3
"86","Bartlesville, OK",1
"87","Bass River, NJ",1
"88","Bassett, VA",1
"89","Bastrop, LA",3
"90","Bastrop, TX",1
"91","Baton Rouge, LA",21
"92","Bay Minette, AL",1
"93","Bay Shore, NY",2
"94","Baytown, TX",3
"95","Beach Park, IL",1
"96","Bear, DE",1
"97","Beaumont, MS",1
"98","Beaumont, TX",2
"99","Beavercreek, OH",1
"100","Beckley, WV",1
"101","Beckville, TX",1
"102","Bedford, VA",1
"103","Belle Glade, FL",1
"104","Belle Isle, FL",1
"105","Belle Plaine, MN",1
"106","Bellefontaine Neighbors, MO",1
"107","Bellefontaine, OH",1
"108","Belleville, IL",2
"109","Bellevue, WA",1
"110","Bellflower, CA",2
"111","Beloit, WI",2
"112","Benbrook, TX",1
"113","Benton Harbor, MI",3
"114","Bentonville, AR",1
"115","Berkeley, CA",1
"116","Berkeley, MO",1
"117","Berlin, NJ",1
"118","Bessemer City, NC",1
"119","Bethel Springs, TN",1
"120","Big Lake, AK",1
"121","Biggs Junction, OR",1
"122","Billings, MT",1
"123","Biloxi, MS",4
"124","Birmingham, AL",14
"125","Bishopville, SC",1
"126","Blacksburg, VA",1
"127","Bleecker, AL",2
"128","Blendon Township, OH",1
"129","Bloomfield Hills, MI",1
"130","Bloomingdale, NJ",1
"131","Blue Island, IL",1
"132","Blue Springs, MO",2
"133","Bluefield, WV",1
"134","Blytheville, AR",2
"135","Boca Raton, FL",2
"136","Boerne, TX",1
"137","Bogalusa, LA",1
"138","Bolivar, TN",1
"139","Bonne Terre, MO",1
"140","Bossier City, LA",1
"141","Boston, MA",9
"142","Braddock Hills, PA",1
"143","Bradenton, FL",4
"144","Braeburn, TX",1
"145","Braintree, MA",2
"146","Brandon, FL",2
"147","Braxton, MS",1
"148","Brazoria, TX",1
"149","Breaux Bridge, LA",1
"150","Bremen , GA",1
"151","Bremerton, WA",1
"152","Brentwood, NY",1
"153","Brick, NJ",1
"154","Bridgeport, CT",2
"155","Bridgeton, NJ",2
"156","Bridgeville, DE",1
"157","Broken Bow, OK",1
"158","Bronx, NY",14
"159","Brookhaven, GA",1
"160","Brooklyn Center, MN",3
"161","Brooklyn, NY",24
"162","Broomfield, CO",1
"163","Broussard, LA",1
"164","Brownsville, TN",1
"165","Brunswick, GA",2
"166","Buena Park, CA",1
"167","Buffalo, NY",4
"168","Buford, GA",1
"169","Bunnell, FL",1
"170","Burien, WA",1
"171","Burlington, IA",1
"172","Burtonsville, MD",1
"173","Butler, GA",1
"174","Cahokia, IL",1
"175","Calhoun, GA",2
"176","Calumet City, IL",1
"177","Calverton, MD",1
"178","Camden, NJ",1
"179","Campobello, SC",1
"180","Canandaigua, NY",1
"181","Canton, GA",1
"182","Canton, MS",3
"183","Canton, OH",3
"184","Cantonment, FL",1
"185","Cape Canaveral, FL",1
"186","Cape Coral, FL",1
"187","Capitol Heights, MD",1
"188","Carencro, LA",1
"189","Carmichael, CA",4
"190","Carol Stream, IL",1
"191","Carrollton, GA",1
"192","Carrollton, TX",1
"193","Cary, NC",1
"194","Casa Grande, AZ",2
"195","Casper, WY",1
"196","Castro Valley, CA",2
"197","Cathedral City, CA",1
"198","Catonsville, MD",2
"199","Cave Spring, VA",1
"200","Cayce, SC",1
"201","Cedar Rapids, IA",3
"202","Center, TX",1
"203","Ceres, CA",1
"204","Cerritos, CA",1
"205","Chalmette, LA",1
"206","Chamblee, GA",3
"207","Champaign, IL",1
"208","Channelview, TX",1
"209","Charleston, SC",8
"210","Charleston, WV",1
"211","Charlotte, NC",23
"212","Charlottesville, VA",1
"213","Chattanooga, TN",4
"214","Chesapeake, VA",3
"215","Chester, PA",5
"216","Chester, SC",1
"217","Chesterfield, MO",1
"218","Chestertown, MD",1
"219","Cheyenne, WY",1
"220","Chicago Heights, IL",1
"221","Chicago, IL",81
"222","Chico, CA",1
"223","Chillicothe, TX",1
"224","Chino, CA",1
"225","Chula Vista, CA",2
"226","Church Hill, TN",1
"227","Cincinnati, OH",10
"228","Cinco Ranch, TX",2
"229","Citronelle, AL",1
"230","City of Orange, NJ",1
"231","Clarkesville, TX",1
"232","Clarksdale, MS",2
"233","Clarksville, TN",2
"234","Claxton, GA",1
"235","Clayton, GA",1
"236","Clayton, MO",1
"237","Clearwater, FL",3
"238","Clemmons, NC",1
"239","Cleveland, MS",1
"240","Cleveland, OH",19
"241","Cleveland, TX",1
"242","Clifton, NJ",1
"243","Clinton, LA",1
"244","Clinton, MD",1
"245","Clinton, MO",1
"246","Clinton, NC",1
"247","Clinton, TN",2
"248","Clintonville, OH",2
"249","Coalinga, CA",1
"250","Cockeysville, MD",1
"251","Cocoa, FL",5
"252","Coconut Creek, FL",1
"253","Coffeeville, MS",1
"254","College Park, GA",5
"255","College Station, TX",2
"256","Collierville, TN",1
"257","Colorado Springs, CO",8
"258","Columbia, MO",5
"259","Columbia, SC",5
"260","Columbus, GA",7
"261","Columbus, MS",3
"262","Columbus, OH",40
"263","Commerce City, CO",1
"264","Compton, CA",5
"265","Concord Mills, NC",2
"266","Concord, NC",1
"267","Concord, VA",1
"268","Conover, NC",1
"269","Conroe, TX",2
"270","Converse, LA",1
"271","Conway, AR",2
"272","Coral Gables, FL",2
"273","Cordova, TN",1
"274","Corona, CA",1
"275","Corpus Christi, TX",5
"276","Coushatta, LA",1
"277","Covington, GA",3
"278","Covington, KY",2
"279","Covington, TN",2
"280","Cowley County, KS",1
"281","Crescent City, CA",1
"282","Crescent City, FL",1
"283","Crestview, FL",2
"284","Crestwood, KY",1
"285","Crofton, MD",1
"286","Crowley, LA",1
"287","Crown Point, IN",1
"288","Cuero, TX",1
"289","Culpeper, VA",5
"290","Cuthbert, GA",1
"291","Cypress, TX",2
"292","Dallas, NC",1
"293","Dallas, TX",23
"294","Daly City, CA",2
"295","Dalzell, SC",1
"296","Dania Beach, FL",1
"297","Danville, CA",1
"298","Danville, IL",1
"299","Danville, VA",2
"300","Daphne, AL",1
"301","Darlington, SC",1
"302","Davenport, IA",1
"303","Davisboro, GA",1
"304","Dayton, OH",11
"305","Daytona Beach, FL",2
"306","Dearborn Heights, MI",1
"307","Dearborn, MI",2
"308","Decatur, AL",1
"309","Decatur, GA",13
"310","Decatur, IL",1
"311","Deepstep, GA",1
"312","Deerfield, IL",1
"313","Defiance, OH",1
"314","DeKalb, TX",1
"315","DeLand, FL",1
"316","Delhi, LA",1
"317","Delray Beach, FL",2
"318","Deming, WA",1
"319","Denham Springs, LA",2
"320","Denton, TX",3
"321","Denver, CO",11
"322","Deptford, NJ",1
"323","Des Moines, IA",3
"324","Des Moines, WA",1
"325","DeSoto, TX",1
"326","Detroit, MI",31
"327","DeValls Bluff, AR",1
"328","Dewey Beach, DE",1
"329","DeWitt, NY",2
"330","Dickinson, ND",1
"331","Dinwiddie, VA",1
"332","District Heights, MD",2
"333","Dixon, CA",1
"334","Dodson, LA",1
"335","Dolton, IL",4
"336","Doral, FL",1
"337","Dorchester, MA",2
"338","Dothan, AL",1
"339","Douglasville, GA",2
"340","Dover, NC",1
"341","Dover, OH",1
"342","Dover, PA",1
"343","Dumfries, VA",1
"344","Duncanville, TX",2
"345","Durham, NC",9
"346","Dyersburg, TN",1
"347","Eagan, MN",1
"348","East Cleveland, OH",1
"349","East Hazel Crest, IL",1
"350","East Knoxville, TN",1
"351","East Leavenworth, MO",1
"352","East Orange, NJ",2
"353","East Pittsburgh, PA",1
"354","East Point, GA",5
"355","East St Louis, IL",1
"356","East Troy, WI",1
"357","Eastaboga, AL",1
"358","Eastman, GA",1
"359","Eau Claire, WI",1
"360","Eclectic, AL",1
"361","Eddyville, KY",1
"362","Edmond, OK",1
"363","Edmonds, WA",1
"364","Edwards, MS",1
"365","Efland, NC",1
"366","El Cajon, CA",1
"367","El Dorado, AR",1
"368","El Monte, CA",1
"369","El Paso, TX",3
"370","Elgin, IL",2
"371","Elizabeth City, NC",2
"372","Elizabethtown, KY",3
"373","Elizabethtown, NC",1
"374","Elk Grove, CA",1
"375","Elkhart, IN",4
"376","Elkin, NC",1
"377","Elkton, MD",1
"378","Ellenwood, GA",1
"379","Elmwood Place, OH",1
"380","Elyria, OH",1
"381","Emeryville, CA",1
"382","Emporia, VA",1
"383","Englewood, NJ",1
"384","Englewood, OH",1
"385","Ennis, TX",1
"386","Enterprise, MS",1
"387","Erie, PA",1
"388","Essex, MD",1
"389","Ethel, LA",1
"390","Euclid, OH",2
"391","Eufaula, AL",2
"392","Eufaula, OK",1
"393","Evans, CO",1
"394","Evanston, IL",1
"395","Evansville, IN",4
"396","Evergreen, AL",1
"397","Excelsior Springs, MO",1
"398","Fairbanks, AK",1
"399","Fairburn, GA",1
"400","Fairfield Township, OH",1
"401","Fairfield, CA",2
"402","Fairfield, OH",1
"403","Falcon Heights, MN",1
"404","Fall River, MA",1
"405","Farmington, NM",1
"406","Farmville, VA",1
"407","Fayette, MS",1
"408","Fayetteville, AR",1
"409","Fayetteville, NC",12
"410","Federal Heights, CO",1
"411","Federal Way, WA",3
"412","Fenton, MO",1
"413","Ferguson, MO",4
"414","Ferry Pass, FL",1
"415","Fife, WA",1
"416","Flemington, GA",1
"417","Flint Township, MI",1
"418","Flint, MI",5
"419","Florence, MS",1
"420","Florence, SC",5
"421","Florissant, MO",1
"422","Flossmoor, IL",1
"423","Flowood, MS",1
"424","Floyd, IA",1
"425","Fontana, CA",2
"426","Fordoche, LA",1
"427","Fords, NJ",1
"428","Forest City, NC",1
"429","Forest Hill, TX",1
"430","Forest Park, GA",1
"431","Forrest City, AR",1
"432","Fort Atkinson, WI",1
"433","Fort Belvoir, VA",1
"434","Fort Chiswell, VA",1
"435","Fort George Meade, MD",1
"436","Fort Lauderdale, FL",9
"437","Fort Madison, IA",1
"438","Fort Meyers, FL",1
"439","Fort Myers, FL",3
"440","Fort Pierce, FL",6
"441","Fort Smith, AR",1
"442","Fort Valley, GA",1
"443","Fort Walton Beach, FL",2
"444","Fort Washington, MD",1
"445","Fort Wayne, IN",10
"446","Fort Worth, TX",17
"447","Fountain, CO",1
"448","Fountain, FL",1
"449","Frankfort, IN",1
"450","Franklin Township, PA",1
"451","Franklinton, OH",1
"452","Frederick, MD",2
"453","Fredericksburg, VA",2
"454","Freeport, TX",1
"455","Fremont, CA",2
"456","Fresno, CA",3
"457","Fridley, MN",1
"458","Frisco, TX",2
"459","Frog, TX",1
"460","Fullerton, CA",1
"461","Gadsden, AL",2
"462","Gainesville, FL",3
"463","Gaithersburg , MD",3
"464","Galesburg, MI",1
"465","Gallatin, TN",2
"466","Garden City, MI",1
"467","Gardena, CA",4
"468","Garfield Heights, OH",1
"469","Garland, TX",2
"470","Gary, IN",8
"471","Gastonia, NC",3
"472","Genesee Township, MI",1
"473","Geneva, IL",1
"474","Georgetown, KY",2
"475","Germantown, MD",1
"476","Giddings, TX",1
"477","Gladstone, MO",1
"478","Glasgow, KY",1
"479","Glen Burnie, MD",1
"480","Glendale, AZ",4
"481","Glendora, CA",1
"482","Gloucester, VA",1
"483","Gluckstadt, MS",1
"484","Goetzville, MI",1
"485","Gordo, AL",1
"486","Gordon, GA",1
"487","Grafton, WI",1
"488","Graham, NC",1
"489","Grand Prairie, TX",2
"490","Grand Rapids, MI",3
"491","Graniteville, SC",1
"492","Gray Court, SC",1
"493","Great Neck, NY",1
"494","Greenbelt, MD",1
"495","Greeneville, TN",1
"496","Greenfield, IN",1
"497","Greensboro, MD",1
"498","Greensboro, NC",4
"499","Greensburg, PA",1
"500","Greenville, MS",2
"501","Greenville, NC",4
"502","Greenville, SC",5
"503","Greenwood Village, CO",1
"504","Greenwood, SC",1
"505","Gresham, OR",1
"506","Gretna, FL",1
"507","Gretna, LA",4
"508","Griffin, GA",1
"509","Gulfport, MS",8
"510","Guymon, OK",1
"511","Gwynn Oak, MD",1
"512","Haddonfield, NJ",1
"513","Hagan, GA",1
"514","Hagerstown, MD",1
"515","Hallandale Beach, FL",2
"516","Hallsville, TX",1
"517","Hamilton Township, NJ",1
"518","Hamilton, AL",1
"519","Hamilton, OH",1
"520","Hammond, IN",1
"521","Hammond, LA",2
"522","Hampton, GA",1
"523","Hampton, VA",2
"524","Hapeville, GA",1
"525","Harbeson, DE",1
"526","Hardeeville, SC",1
"527","Harrington, DE",1
"528","Harrisburg, PA",6
"529","Hartford, CT",3
"530","Harvest, AL",1
"531","Harvey, IL",2
"532","Harvey, LA",3
"533","Harwood, MD",1
"534","Hattiesburg, MS",3
"535","Hawthorne, CA",2
"536","Hayti, MO",1
"537","Hayward, CA",3
"538","Haywood, CA",1
"539","Hazel Crest, IL",1
"540","Hazel Dell, WA",2
"541","Hazelwood, MO",1
"542","Hearne, TX",1
"543","Henderson, NC",1
"544","Henderson, NV",2
"545","Hendersonville, NC",2
"546","Herald, CA",1
"547","Herndon, VA",1
"548","Hesston, KS",1
"549","Hialeah, FL",1
"550","Hickory, NC",1
"551","High Point, NC",3
"552","Highland Mills, NY",1
"553","Highland Park, IL",1
"554","Highland Springs, VA",1
"555","Highland, CA",2
"556","Hillburn, NY",1
"557","Hilliard, OH",1
"558","Hillsboro, OR",1
"559","Hillsborough, NJ",1
"560","Hobe Sound, FL",1
"561","Holly Springs, GA",1
"562","Hollywood, FL",4
"563","Home Garden, CA",1
"564","Homestead, FL",4
"565","Homewood, IL",1
"566","Honolulu, HI",1
"567","Hope Mills, NC",3
"568","Hopewell, VA",1
"569","Horn Lake, MS",1
"570","Houma, LA",4
"571","Houston, TX",87
"572","Huber Heights, OH",1
"573","Hudson, NC",1
"574","Hueytown, AL",1
"575","Humble, TX",1
"576","Huntington Park, CA",2
"577","Huntington, WV",2
"578","Huntsville, AL",7
"579","Hurricane, WV",1
"580","Hyattsville, MD",2
"581","Idaho Falls, ID",1
"582","Imperial, CA",1
"583","Independence, LA",1
"584","Independence, MO",1
"585","Indian Head, MD",1
"586","Indian Land, SC",1
"587","Indianapolis, IN",39
"588","Indiantown, FL",1
"589","Indio, CA",1
"590","Inglewood, CA",7
"591","Inwood, WV",1
"592","Inyokern, CA",1
"593","Iota, LA",1
"594","Irving, TX",3
"595","Irvington, NJ",3
"596","Islip, NY",1
"597","Jackson, MI",1
"598","Jackson, MS",13
"599","Jackson, TN",3
"600","Jacksonville, AR",1
"601","Jacksonville, FL",37
"602","Jacksonville, NC",1
"603","Jamaica, NY",2
"604","James Island, SC",1
"605","Jamestown, ND",1
"606","Jamestown, NY",1
"607","Jasper, FL",1
"608","Jasper, GA",1
"609","Jasper, TX",1
"610","Jefferson City, MO",1
"611","Jefferson, LA",1
"612","Jeffersontown, KY",1
"613","Jeffersonville, IN",1
"614","Jeffersonville, OH",1
"615","Jennings, MO",3
"616","Jersey City, NJ",7
"617","Johns Creek, GA",1
"618","Johnson City, TN",1
"619","Johnsonville, SC",1
"620","Joliet, IL",8
"621","Jonesboro, AR",2
"622","Jonesboro, GA",4
"623","Kahului, HI",1
"624","Kalamazoo, MI",3
"625","Kannapolis, NC",1
"626","Kansas City, KS",4
"627","Kansas CIty, KS",1
"628","Kansas City, MO",24
"629","Kansas CIty, MO",4
"630","Karnack, TX",1
"631","Kathleen, GA",1
"632","Kelso, WA",1
"633","Kenner, LA",5
"634","Kennesaw, GA",1
"635","Kennewick, WA",1
"636","Kent, OH",1
"637","Kent, WA",4
"638","Kentwood, MI",2
"639","Killeen, TX",5
"640","King , NC",1
"641","King of Prussia, PA",1
"642","Kingsland, GA",2
"643","Kingstree, SC",1
"644","Kingwood, TX",1
"645","Kinston, NC",1
"646","Kiowa, OK",1
"647","Kissimmee, FL",1
"648","Knoxville, PA",1
"649","Knoxville, TN",7
"650","Kyle, TX",1
"651","La Marque, TX",1
"652","La Quinta, CA",1
"653","La Vergne, TN",1
"654","Lacey, WA",1
"655","Ladera Heights, CA",1
"656","Lafayette, LA",5
"657","Lake Charles, LA",5
"658","Lake City, FL",1
"659","Lake Cormorant, MS",1
"660","Lake Wales, FL",1
"661","Lake Worth Beach, FL",1
"662","Lakeland, FL",3
"663","Lakeshire, MO",1
"664","Lakeview, OR",1
"665","Lakeview, TX",1
"666","Lakewood, WA",3
"667","Lancaster, CA",2
"668","Lancaster, PA",2
"669","Lancaster, TX",2
"670","Landover, MD",2
"671","Landrum, SC",1
"672","Lanham, MD",1
"673","Lansing, MI",2
"674","LaPlace, LA",2
"675","Laramie, WY",1
"676","Largo, FL",2
"677","Larimer, PA",1
"678","Las Cruces, NM",1
"679","Las Vegas, NV",24
"680","Lauderdale Lakes, FL",1
"681","Lauderhill, FL",4
"682","Laurel, MD",2
"683","Laurel, MS",1
"684","Laurens, SC",1
"685","Lawrence, IN",4
"686","Lawrenceville, GA",3
"687","Lawton, OK",5
"688","Leavenworth, KS",1
"689","Leesburg, GA",1
"690","Lemon Grove, CA",1
"691","Lenexa, KS",1
"692","Lenoir, NC",1
"693","Lewisville, TX",1
"694","Lexington, IL",1
"695","Lexington, KY",1
"696","Lexington, MS",1
"697","Lexington, SC",1
"698","Liberty City, FL",1
"699","Lima, OH",1
"700","Lincoln, NE",1
"701","Linwood, PA",1
"702","Lithia Springs, GA",1
"703","Lithonia, GA",3
"704","Little Rock, AR",15
"705","Livonia, MI",1
"706","Lizella, GA",1
"707","Locust Grove, GA",1
"708","Locust, NC",1
"709","Loganville, GA",1
"710","Loma, CO",1
"711","Lombard, IL",1
"712","Long Beach, CA",8
"713","Long Beach, MS",1
"714","Longs, SC",1
"715","Longview, TX",2
"716","Lorain, OH",2
"717","Lorena, TX",1
"718","Lorenzo, TX",1
"719","Los Angeles , CA",48
"720","Los Lunas, NM",2
"721","Louisville , GA",1
"722","Louisville , KY",15
"723","Lubbock, TX",1
"724","Ludowici, GA",1
"725","Lufkin, TX",2
"726","Lumberton, NC",1
"727","Luray, VA",1
"728","Luxora, AR",1
"729","Lynchburg, VA",1
"730","Lyndhurst, NJ",1
"731","Lynn, MA",2
"732","Lynwood, CA",2
"733","Mableton, GA",4
"734","Macomb, IL",2
"735","Macon, GA",2
"736","Madison, AL",1
"737","Madison, TN",1
"738","Madison, WI",3
"739","Madras, GA",1
"740","Magna, UT",1
"741","Magnolia, AR",1
"742","Magnolia, DE",1
"743","Makaha, HI",1
"744","Malvern, AR",1
"745","Mamou, LA",1
"746","Manchester Township, NJ",1
"747","Mansfield, OH",2
"748","Mansura, LA",1
"749","Manteo, NC",1
"750","Maplewood, MN",1
"751","Margate, FL",1
"752","Marietta, GA",5
"753","Marion, AR",1
"754","Marion, IN",3
"755","Marion, SC",1
"756","Markham, IL",1
"757","Marksville, LA",1
"758","Marlow Heights, MD",1
"759","Marrero, LA",2
"760","Marshall, MN",1
"761","Marshall, TX",1
"762","Martinez, CA",1
"763","Martinsburg, WV",1
"764","Martinsville, VA",1
"765","Marysville, CA",2
"766","Mascotte, FL",1
"767","Maumelle, AR",1
"768","Maury, NC",1
"769","Maysville, KY",1
"770","Maywood, IL",2
"771","McCalla, AL",1
"772","McComb, MS",1
"773","Mcdonough, GA",1
"774","McKinney, TX",1
"775","McMinnville, OR",1
"776","Melbourne, FL",1
"777","Melrose, FL",1
"778","Memphis, AR",1
"779","Memphis, TN",37
"780","Mercury, NV",1
"781","Meridian, MS",1
"782","Merrillville, IN",1
"783","Mesa, AZ",1
"784","Mesa, WA",1
"785","Mesquite, TX",3
"786","Metairie, LA",5
"787","Miami Beach, FL",2
"788","Miami Gardens, FL",6
"789","Miami Springs, FL",2
"790","Miami, FL",22
"791","Miamisburg, OH",1
"792","Micanopy, FL",1
"793","Middle Island, NY",1
"794","Middle River, MD",1
"795","Middletown, NY",1
"796","Midland, TX",1
"797","Midlothian, VA",1
"798","Midwest City, OK",2
"799","Milford, CT",1
"800","Milford, DE",1
"801","Milford, OH",1
"802","Millbrae, CA",1
"803","Millbrook, AL",2
"804","Millport, AL",1
"805","Milwaukee, WI",26
"806","Milwaukie, OR",1
"807","Minneapolis, MN",11
"808","Miramar, FL",3
"809","Missoula, MT",1
"810","Missouri City, TX",4
"811","Mobile, AL",9
"812","Modesto, CA",2
"813","Mojave, CA",2
"814","Molena, GA",1
"815","Monaca, PA",1
"816","Monahans, TX",2
"817","Monon, IN",1
"818","Monroe, GA",2
"819","Monroe, LA",4
"820","Monroe, NC",1
"821","Monroeville, AL",1
"822","Montgomery, AL",4
"823","Monticello, AR",1
"824","Moon, PA",1
"825","Moraine, OH",1
"826","Morenci, AZ",1
"827","Moreno Valley, CA",2
"828","Morgantown, WV",1
"829","Morrow, GA",2
"830","Moscow, TN",1
"831","Moss Point, MS",3
"832","Moundridge, KS",1
"833","Mount Airy, NC",1
"834","Mt. Juliet, TN",1
"835","Mt. Morris Township, MI",1
"836","Mt. Pleasant, WI",1
"837","Mt. Vernon, NY",1
"838","Munster, IN",1
"839","Murfreesboro, TN",1
"840","Muskogee, OK",2
"841","Myrtle Beach, SC",2
"842","Nashville, TN",16
"843","Natchez, MS",2
"844","Nederland, TX",1
"845","New Alexandria, PA",1
"846","New Bern, NC",1
"847","New Britain, CT",1
"848","New Brunswick, NJ",1
"849","New Carrollton, MD",1
"850","New Castle, DE",2
"851","New Castle, PA",1
"852","New Haven, CT",1
"853","New Iberia, LA",1
"854","New Llano, LA",1
"855","New London, CT",1
"856","New Orleans, LA",14
"857","New Rochelle, NY",2
"858","New York, NY",31
"859","Newark, NJ",12
"860","Newburgh, NY",1
"861","Newnan, GA",1
"862","Newport News, VA",4
"863","Newton, NC",1
"864","Newton, NJ",1
"865","Niagara Falls, NY",1
"866","Nicholasville, KY",1
"867","Niles, MI",1
"868","Niles, OH",1
"869","Norco, CA",1
"870","Norcross, GA",3
"871","Norfolk, NE",1
"872","Norfolk, VA",10
"873","North Augusta, SC",1
"874","North Charleston, SC",5
"875","North Fort Myers, FL",1
"876","North Las Vegas, NV",8
"877","North Lauderdale, FL",1
"878","North Little Rock, AR",4
"879","North Miami Beach, FL",1
"880","North Miami, FL",2
"881","Northglenn, CO",1
"882","Norwalk, CA",1
"883","O’Fallon, MO",1
"884","Oak Forest, IL",1
"885","Oak Grove, OR",1
"886","Oak Park, MI",1
"887","Oak Ridge, TX",1
"888","Oakland, CA",11
"889","Ocoee, FL",1
"890","Odenton, MD",1
"891","Oklahoma City , OK",33
"892","Okmulgee, OK",1
"893","Olathe, KS",1
"894","Old Orchard Beach, ME",1
"895","Olympia, WA",1
"896","Olympic Valley, CA",1
"897","Omaha , NE",10
"898","Ooltewah, TN",1
"899","Opa-locka, FL",1
"900","Opelika, AL",3
"901","Opp, AL",1
"902","Orange Park, FL",2
"903","Orange, NJ",1
"904","Orangeburg, SC",1
"905","Orlando, FL",25
"906","Osceola, AR",1
"907","Oshkosh, WI",1
"908","Overland Park, KS",1
"909","Overland, MO",1
"910","Owensboro, KY",2
"911","Owings Mills, MD",4
"912","Oxford, MS",1
"913","Oxnard, CA",1
"914","Oxon Hill, MD",2
"915","Palatka, FL",3
"916","Palm Bay, FL",3
"917","Palm Beach, FL",1
"918","Palm City, FL",1
"919","Palmdale, CA",2
"920","Palmetto, FL",2
"921","Pampa, TX",1
"922","Panama City Beach, FL",1
"923","Panama City, FL",1
"924","Paris, TN",1
"925","Paris, TX",1
"926","Park Forest, IL",1
"927","Parkland, WA",1
"928","Parkville, MD",2
"929","Pasadena, CA",4
"930","Pasadena, TX",1
"931","Paterson, NJ",4
"932","Pawtucket, RI",2
"933","Paxtonia, PA",1
"934","Pearland, TX",1
"935","Pearlington, MS",1
"936","Pelahatchie, MS",1
"937","Pell City, AL",1
"938","Pembroke Pines, FL",1
"939","Pembroke, NC",1
"940","Penn Hills, PA",2
"941","Pensacola, FL",2
"942","Peoria, IL",3
"943","Perris, CA",1
"944","Perry Hall, MD",1
"945","Perry, OK",1
"946","Petal, MS",1
"947","Phenix City, AL",3
"948","Philadelphia, PA",38
"949","Phoenix, AZ",32
"950","Pikesville, MD",2
"951","Pine Bluff, AR",4
"952","Pine Hills, FL",1
"953","Pine Lawn, MO",1
"954","Pineville, LA",1
"955","Pittsburg, CA",2
"956","Pittsburgh, PA",12
"957","Pittsfield, MA",1
"958","Plainsboro, NJ",1
"959","Plantation, FL",2
"960","Platte City, MO",1
"961","Pomona, CA",3
"962","Pompano Beach, FL",2
"963","Ponchatoula, LA",1
"964","Pond Creek, OK",1
"965","Pontiac, MI",2
"966","Poplar Bluff, MO",1
"967","Poplar Grove, IL",1
"968","Port Allen, LA",2
"969","Port Arthur, TX",3
"970","Port Barre, LA",1
"971","Port Neches, TX",1
"972","Port Richey, FL",1
"973","Port St. Lucie, FL",2
"974","Portage, IN",2
"975","Porter, TX",1
"976","Portland, ME",1
"977","Portland, OR",7
"978","Portsmouth, VA",4
"979","Posen, IL",1
"980","Poteau, OK",1
"981","Potomac Falls, VA",1
"982","Pottstown, PA",1
"983","Poughkeepsie, NY",1
"984","Powder Springs, GA",2
"985","Prescott, AZ",1
"986","Prichard, AL",1
"987","Providence, RI",1
"988","Pueblo, CO",2
"989","Punta Gorda, FL",1
"990","Queens, NY",8
"991","Racine, WI",3
"992","Raeford, NC",2
"993","Ragley, LA",1
"994","Raleigh, NC",6
"995","Raleigh, TN",2
"996","Rancho Cordova, CA",2
"997","Rancho Cucamonga, CA",1
"998","Randallstown, MD",3
"999","Ranlo, NC",1
"1000","Rantoul, IL",3
"1001","Ravenel, SC",1
"1002","Raymond, MS",2
"1003","Raytown, MO",2
"1004","Reading, PA",2
"1005","Reagan, TN",1
"1006","Redan, GA",1
"1007","Redford Charter Township, MI",1
"1008","Refugio, TX",1
"1009","Reisterstown, MD",1
"1010","Reno, NV",5
"1011","Renton, WA",1
"1012","Reston, VA",1
"1013","Rex, GA",1
"1014","Richburg, SC",1
"1015","Richland Hills, TX",1
"1016","Richland, MS",1
"1017","Richmond Heights, OH",1
"1018","Richmond, TX",1
"1019","Richmond, VA",10
"1020","Ridge, VA",1
"1021","Ridgeland, MS",1
"1022","Ringgold, GA",1
"1023","Riverdale, GA",3
"1024","Riverside, CA",5
"1025","Roanoke Rapids, NC",1
"1026","Roanoke, VA",2
"1027","Robbins, IL",1
"1028","Roberta, GA",1
"1029","Rochester, IN",1
"1030","Rochester, NY",7
"1031","Rock Falls, IL",1
"1032","Rock Hill, SC",1
"1033","Rock Island, IL",5
"1034","Rockford, IL",3
"1035","Rocklin, CA",1
"1036","Rockville, MD",1
"1037","Rome, GA",2
"1038","Romeoville, IL",1
"1039","Rosamond, CA",1
"1040","Rosedale, MD",1
"1041","Rosenberg, TX",1
"1042","Roslindale, MA",1
"1043","Rosser, TX",1
"1044","Roswell, GA",2
"1045","Rougemont, NC",1
"1046","Roxboro, NC",1
"1047","Ruston, LA",1
"1048","Rutherford, NJ",1
"1049","Sacramento, CA",13
"1050","Saginaw, MI",1
"1051","Saint Paul, MN",1
"1052","Saint Petersburg, FL",1
"1053","Salem, AL",1
"1054","Salisbury, MD",4
"1055","Salisbury, NC",3
"1056","Salt Lake City, UT",5
"1057","San Angelo, TX",1
"1058","San Antonio, TX",16
"1059","San Bernardino, CA",7
"1060","San Clemente, CA",1
"1061","San Diego, CA",8
"1062","San Francisco, CA",8
"1063","San Jose, CA",2
"1064","San Jose, FL",1
"1065","San Leandro, CA",3
"1066","San Lorenzo, CA",1
"1067","San Marcos, TX",1
"1068","San Pablo, CA",1
"1069","Sandston, VA",1
"1070","Sanford, FL",1
"1071","Sanford, NC",2
"1072","Santa Ana, CA",2
"1073","Santa Clara, CA",1
"1074","Santa Clarita, CA",1
"1075","Saranac Lake, NY",1
"1076","Saratoga Springs, UT",1
"1077","Saratoga, NC",1
"1078","Savannah, GA",11
"1079","Scarbro, WV",1
"1080","Scottsdale, AZ",3
"1081","Scranton, PA",1
"1082","Seabrook, SC",1
"1083","Seattle, WA",10
"1084","Sebring, FL",2
"1085","Seguin, TX",1
"1086","Selma, AL",4
"1087","Senatobia, MS",2
"1088","Shallotte, NC",1
"1089","Shannon, MS",2
"1090","Sharon Hill, PA",1
"1091","Sheboygan, WI",1
"1092","Shenandoah, TX",1
"1093","Sheridan, AR",1
"1094","Shiner, TX",1
"1095","Shreveport, LA",14
"1096","Sierra Blanca, TX",1
"1097","Sikeston, MO",1
"1098","Silver Spring Shores, FL",1
"1099","Silver Spring, MD",6
"1100","Smyrna, GA",5
"1101","Snellville, GA",2
"1102","Solon, OH",1
"1103","Somerset, KY",1
"1104","Somerville, TX",1
"1105","South Bend, IN",3
"1106","South Brunswick, NJ",1
"1107","South Charleston, OH",1
"1108","South Euclid, OH",1
"1109","South Hill, VA",1
"1110","South Lake Tahoe, CA",1
"1111","South Lyon, MI",1
"1112","South Pittsburg, TN",1
"1113","Southaven, MS",3
"1114","Southfield, MI",2
"1115","Sparks, NV",2
"1116","Spartanburg, SC",4
"1117","Speedway, IN",1
"1118","Spiro, OK",1
"1119","Splendora, TX",1
"1120","Spokane, WA",2
"1121","Spring Valley, NY",1
"1122","Springdale, AR",1
"1123","Springfield, FL",1
"1124","Springfield, IL",2
"1125","Springfield, MA",6
"1126","Springfield, MO",2
"1127","Springfield, TN",1
"1128","Springfield, VA",1
"1129","St Joseph, IL",1
"1130","St Martinville, LA",1
"1131","St Paul, MN",1
"1132","St. Albans, NY",1
"1133","St. Clair Shores, MI",1
"1134","St. Cloud, FL",1
"1135","St. Cloud, MN",1
"1136","St. George, SC",1
"1137","St. Louis, MO",49
"1138","St. Paul, MN",7
"1139","St. Petersburg, FL",4
"1140","Starke, FL",1
"1141","State College, PA",1
"1142","Staten Island, NY",1
"1143","Statesboro, GA",2
"1144","Steubenville, OH",1
"1145","Stillwater, MN",1
"1146","Stockbridge, GA",1
"1147","Stockton, CA",12
"1148","Stone Mountain, GA",5
"1149","Stonewall, MS",1
"1150","Stonington, CT",1
"1151","Stovall, NC",1
"1152","Stratford, CT",1
"1153","Stratford, TX",1
"1154","Strong, AR",1
"1155","Sugar Land, TX",2
"1156","Sugarcreek, OH",1
"1157","Suitland, MD",3
"1158","Summerville, SC",1
"1159","Summit, MS",1
"1160","Sumter, SC",2
"1161","Sunnyvale, CA",1
"1162","Sunrise, FL",1
"1163","Surfside Beach, SC",1
"1164","Swartz, LA",1
"1165","Swedesboro, NJ",1
"1166","Sylvania, GA",1
"1167","Sylvester, GA",2
"1168","Syracuse, NY",9
"1169","Tabor City, NC",1
"1170","Tacoma, WA",6
"1171","Tahlequah, OK",1
"1172","Takoma Park, MD",2
"1173","Talking Rock, GA",1
"1174","Talladega, AL",2
"1175","Tallahassee, FL",10
"1176","Tallapoosa, GA",1
"1177","Tamarac, FL",2
"1178","Tampa, FL",12
"1179","Tarboro, NC",2
"1180","Taunton, MA",1
"1181","Taylors , SC",4
"1182","Taylorsville, UT",1
"1183","Temecula, CA",1
"1184","Tempe, AZ",4
"1185","Temple Hills, MD",1
"1186","Temple, TX",3
"1187","Terrytown, LA",1
"1188","Texarkana, TX",1
"1189","Texas city, TX",1
"1190","The Colony, TX",1
"1191","Theodore, AL",1
"1192","Thomasville, GA",3
"1193","Thomasville, NC",1
"1194","Thorsby, AL",1
"1195","Tillmans Corner, AL",1
"1196","Timmonsville, SC",1
"1197","Titusville, AL",1
"1198","Titusville, FL",2
"1199","Toccoa, GA",1
"1200","Toledo, OH",9
"1201","Toone, TN",1
"1202","Topeka, KS",4
"1203","Torrance, CA",1
"1204","Torrence, CA",1
"1205","Towson, MD",1
"1206","Trenton, NJ",6
"1207","Triangle, VA",1
"1208","Trinidad, CO",1
"1209","Trotwood , OH",1
"1210","Troy, NY",2
"1211","Troy, OH",1
"1212","Tucson , AZ",10
"1213","Tukwila, WA",1
"1214","Tulare, CA",2
"1215","Tulsa, OK",13
"1216","Tupelo, MS",3
"1217","Tuscaloosa, AL",6
"1218","Tuscon, AZ",2
"1219","Tuscumbia, AL",1
"1220","Tysons, VA",1
"1221","Union City, CA",1
"1222","Union City, GA",2
"1223","Union, NJ",1
"1224","Uniondale, NY",1
"1225","Universal City, CA",1
"1226","Upland, CA",1
"1227","Urbandale, IA",1
"1228","Utica, NY",1
"1229","Vacaville, CA",3
"1230","Valdosta, GA",1
"1231","Vallejo, CA",4
"1232","Vandalia, OH",1
"1233","Ventnor, NJ",1
"1234","Vernon, TX",1
"1235","Vero Beach, FL",1
"1236","Vicksburg, MS",1
"1237","Victorville, CA",2
"1238","Villa Park, IL",1
"1239","Ville Platte, LA",1
"1240","Vineland, NJ",4
"1241","Vinita, OK",1
"1242","Virginia Beach, VA",7
"1243","Vista, CA",1
"1244","Wabash, IN",1
"1245","Waco, TX",4
"1246","Wadesboro, NC",1
"1247","Waggaman, LA",1
"1248","Waldorf, MD",1
"1249","Wallace, NC",1
"1250","Wallkill, NY",1
"1251","Walls, MS",1
"1252","Walnut Creek, CA",1
"1253","Walterboro, SC",2
"1254","Walton, IN",1
"1255","Warren, AR",1
"1256","Warren, MI",1
"1257","Warren, MN",1
"1258","Warren, OH",1
"1259","Warrior, AL",1
"1260","Warwick, NY",1
"1261","Washington Park, IL",1
"1262","Washington, DC",40
"1263","Washington, NC",1
"1264","Washington, PA",1
"1265","Wasilla, AK",2
"1266","Waterloo, IA",2
"1267","Waukegan, IL",1
"1268","Wauwatosa, WI",2
"1269","Waycross, GA",2
"1270","Waynesboro, MS",1
"1271","Waynesboro, VA",1
"1272","Weatherford, TX",1
"1273","Webster City, IA",1
"1274","Webster Groves, MO",1
"1275","Weirton, WV",2
"1276","Wellington, UT",1
"1277","Wellston, MO",1
"1278","Wesson, MS",1
"1279","West Chester, PA",1
"1280","West Columbia, SC",2
"1281","West End, NC",1
"1282","West Haven, CT",4
"1283","West Helena, AR",2
"1284","West Jordan, UT",1
"1285","West Melbourne, FL",1
"1286","West Memphis, AR",3
"1287","West Milford, WV",1
"1288","West Milwaukee, WI",1
"1289","West Monroe, LA",2
"1290","West Orange, TX",1
"1291","West Palm Beach, FL",11
"1292","West Sacramento, CA",1
"1293","West Valley City, UT",1
"1294","Westerville, OH",2
"1295","Westlake, CA",1
"1296","Westmont, CA",1
"1297","Westwood Lakes, FL",2
"1298","Wetumpka, AL",1
"1299","Wheat Ridge, CO",1
"1300","White Marsh, MD",1
"1301","White Plains, MD",2
"1302","Whitehall, OH",1
"1303","Whitehall, PA",1
"1304","Whitehouse, TX",1
"1305","Wichita Falls, TX",1
"1306","Wichita, KS",4
"1307","Wilington , DE",1
"1308","Wilkes-Barre, PA",1
"1309","Wilkinsburg, PA",1
"1310","Willcox, AZ",1
"1311","Williamsburg, VA",1
"1312","Willimantic, CT",1
"1313","Willowbrook, CA",1
"1314","Wilmington, CA",1
"1315","Wilmington, DE",5
"1316","Wilmington, NC",4
"1317","Wilson, NC",2
"1318","Winchester, CA",1
"1319","Windsor, NC",1
"1320","Windsor, WI",1
"1321","Winston Salem, NC",1
"1322","Winston-Salem, NC",3
"1323","Winter Haven, FL",1
"1324","Winter Park, FL",1
"1325","Wisner, LA",1
"1326","Wolfe City, TX",1
"1327","Woodbine, GA",1
"1328","Woodbridge Township, VA",1
"1329","Woodlawn, MD",1
"1330","Woodville, GA",1
"1331","Woodville, TX",1
"1332","Wrens, GA",1
"1333","Wyandanch, NY",1
"1334","Wynne, AR",1
"1335","Wynnewood, OK",1
"1336","Wyoming, MI",2
"1337","Yale, VA",1
"1338","Yazoo City, MS",1
"1339","Yellow Bluff, AL",1
"1340","Yonkers, NY",2
"1341","York, PA",2
"1342","Yorktown, VA",2
"1343","Youngstown, OH",1
"1344","Yucca Valley, CA",1
"1345","Yulee, FL",3
"1346","Zephyrhills, FL",1
"1347","Zion, IL",3
